Serial	Primary	Secondary	Word	Remark
			aardwolf	
			abacus	
			abalone	
			abbey	
			abdomen	
			ability	
			able	
			abolishment	
			abomasum	
			abortus	
			about	
			above	
			abroad	
			abrocome	
			abuse	
			abyssinian	
			acanthocephalan	
			acanthopterygian	
			acarid	
			acarine	
			acarus	
			accelerant	
			accelerator	
			accentor	
			access	
			accident	
			accipiter	
			accommodation	
			accompanist	
			accordion	
			account	
			accountant	
			achiever	
			acid	
			acidophil	
			acidophile	
			acidophilus	
			acknowledgment	
			acoustic	
			acoustics	
			acridid	
			acrodont	
			acrylic	
			actinia	
			actinian	
			actinomyces	
			actinomycete	
			action	
			activity	
			actress	
			aculeus	
			acupuncture	
			ad	
			adapid	
			adapter	
			add	
			addax	
			adder	
			addiction	
			addition	
			address	
			adelgid	
			adenovirus	
			adjustment	
			adjutant	
			administration	
			admiral	
			adrenalin	
			adult	
			adulthood	
			advance	
			advancement	
			advantage	
			advertisement	
			advertising	
			advice	
			aedes	
			aepyornis	
			aerobe	
			affair	
			affect	
			affenpinscher	
			affirmed	
			afghan	
			afraid	
			after	
			aftermath	
			afternoon	
			aftershave	
			aftershock	
			afterthought	
			again	
			against	
			agama	
			agamid	
			age	
			agency	
			agenda	
			agent	
			aggression	
			aglet	
			agnathan	
			ago	
			agouti	
			agree	
			agreement	
			aid	
			airbag	
			airbus	
			airfare	
			airforce	
			airline	
			airmail	
			airplane	
			airport	
			airship	
			ala	
			alb	
			albacore	
			albatross	
			alcohol	
			alcove	
			alder	
			alderfly	
			alewife	
			alga	
			algae	
			algebra	
			alibi	
			all	
			allantois	
			allergist	
			alley	
			alligator	
			allosaur	
			allosaurus	
			allow	
			alloy	
			almanac	
			alpaca	
			alpenglow	
			alpenhorn	
			alpha	
			alphabet	
			alpine	
			alsatian	
			also	
			alternative	
			altitude	
			alto	
			alula	
			aluminium	
			aluminum	
			always	
			amadavat	
			amazon	
			ambassador	
			amberjack	
			ambition	
			ambulacrum	
			ameba	
			amendment	
			amia	
			amnion	
			amnios	
			amniote	
			amoeba	
			among	
			amount	
			amphibia	
			amphibian	
			amphidiploid	
			amphioxus	
			amphipod	
			amphisbaena	
			amusement	
			anabas	
			anaconda	
			anaerobe	
			anagram	
			analgesia	
			analog	
			analogue	
			analogy	
			analysis	
			analyst	
			anas	
			anatomy	
			anchovy	
			and	
			anemone	
			anesthesiology	
			anethesiologist	
			angelfish	
			anger	
			angiosperm	
			angle	
			angler	
			anglerfish	
			angleworm	
			angora	
			angstrom	
			anguish	
			anhinga	
			ani	
			animal	
			animalcule	
			animalculum	
			anime	
			ankle	
			anklet	
			ankylosaur	
			ankylosaurus	
			annelid	
			annual	
			anoa	
			anole	
			anopheles	
			anopheline	
			anorak	
			answer	
			anteater	
			antechamber	
			antelope	
			anthony	
			anthozoan	
			anthropoid	
			anthropology	
			antler	
			antlion	
			anuran	
			anxiety	
			any	
			anybody	
			anything	
			anywhere	
			aoudad	
			apartment	
			apatosaur	
			apatosaurus	
			aperitif	
			aphid	
			aphis	
			apology	
			appaloosa	
			apparatus	
			apparel	
			appeal	
			appear	
			appearance	
			appendix	
			applause	
			applewood	
			appliance	
			application	
			appointment	
			approval	
			apron	
			apse	
			apteryx	
			aquifer	
			arab	
			arabian	
			arachnid	
			arachnoid	
			arame	
			arbovirus	
			archaebacteria	
			archaebacterium	
			archaeology	
			archaeopteryx	
			archenteron	
			archeology	
			archer	
			archerfish	
			architect	
			architecture	
			archosaur	
			archosaurian	
			are	
			area	
			argal	
			argali	
			argentine	
			argonaut	
			argument	
			argus	
			arista	
			arithmetic	
			armadillo	
			armament	
			armchair	
			armoire	
			armor	
			armour	
			armyworm	
			arrange	
			arrival	
			arrive	
			arrow	
			arrowworm	
			arthropod	
			artichoke	
			article	
			artificer	
			artiodactyl	
			ascaris	
			ascidian	
			ascot	
			ash	
			ashram	
			ashtray	
			aside	
			ask	
			asp	
			asparagus	
			aspect	
			asphalt	
			aspis	
			assault	
			assignment	
			assist	
			assistance	
			assistant	
			associate	
			association	
			assumption	
			asterisk	
			astrakhan	
			astrolabe	
			astrologer	
			astrology	
			astronomy	
			atelier	
			athlete	
			athletics	
			atmosphere	
			atrium	
			attachment	
			attack	
			attempt	
			attendant	
			attention	
			attenuation	
			attic	
			attitude	
			attorney	
			attraction	
			audad	
			audience	
			auditorium	
			auk	
			auklet	
			aunt	
			aurochs	
			australopithecine	
			author	
			authorisation	
			authority	
			authorization	
			automaton	
			avadavat	
			avalanche	
			avenue	
			average	
			aves	
			avocet	
			awareness	
			axe	
			axolotl	
			azimuth	
			babe	
			baboon	
			babushka	
			baby	
			back	
			backbone	
			backdrop	
			background	
			backpack	
			bacon	
			bacteria	
			bad	
			badger	
			bafflement	
			bagel	
			baggage	
			bagpipe	
			bail	
			bait	
			bake	
			baker	
			bakery	
			bakeware	
			balaclava	
			balalaika	
			balance	
			balcony	
			ballet	
			ballpark	
			band	
			bandana	
			bandanna	
			bandolier	
			banjo	
			bankbook	
			banker	
			banquette	
			baobab	
			bar	
			barbeque	
			barber	
			barbiturate	
			barge	
			baritone	
			barium	
			barn	
			barometer	
			barracks	
			barstool	
			baseball	
			basement	
			basic	
			basis	
			basketball	
			bass	
			bassinet	
			bassoon	
			bath	
			bather	
			bathhouse	
			bathmat	
			bathrobe	
			bathroom	
			bathtub	
			batter	
			batting	
			battle	
			battleship	
			bay	
			bayou	
			beak	
			beanie	
			beanstalk	
			bear	
			beard	
			beat	
			beautiful	
			beauty	
			beaver	
			bedroom	
			beech	
			beef	
			been	
			beet	
			before	
			began	
			beggar	
			begin	
			beginner	
			beginning	
			begonia	
			behavior	
			beheading	
			behest	
			behind	
			being	
			belfry	
			belief	
			believe	
			belligerency	
			bellows	
			belly	
			bend	
			beneficiary	
			benefit	
			bengal	
			beret	
			berry	
			best	
			bestseller	
			bet	
			better	
			between	
			beverage	
			beyond	
			bibliography	
			bid	
			bidet	
			bifocals	
			big	
			bijou	
			bikini	
			billboard	
			bin	
			biology	
			biplane	
			birch	
			birdbath	
			birdcage	
			birdhouse	
			birth	
			birthday	
			bit	
			bite	
			bitter	
			blackberry	
			blackboard	
			blackfish	
			bladder	
			blame	
			blank	
			blazer	
			blender	
			blight	
			blind	
			blinker	
			blister	
			block	
			blocker	
			bloodflow	
			bloom	
			bloomers	
			blossom	
			blouse	
			blow	
			blowgun	
			blowhole	
			blueberry	
			boar	
			board	
			boatload	
			boatyard	
			bobcat	
			bog	
			bolero	
			bolt	
			bomb	
			bomber	
			bondsman	
			bongo	
			bonnet	
			bonsai	
			bonus	
			boogeyman	
			bookcase	
			bookend	
			booklet	
			booster	
			bootee	
			bootie	
			boots	
			booty	
			bore	
			born	
			bosom	
			boss	
			botany	
			both	
			bother	
			bottling	
			boudoir	
			bough	
			bought	
			bower	
			bowl	
			bowler	
			bowling	
			bowtie	
			boxer	
			boxspring	
			boyfriend	
			bra	
			brace	
			bracelet	
			bracket	
			brand	
			brandy	
			brassiere	
			bratwurst	
			breadcrumb	
			break	
			breakfast	
			breakpoint	
			breast	
			breastplate	
			breath	
			breeze	
			bribery	
			bricklaying	
			brief	
			briefs	
			bright	
			brilliant	
			bring	
			british	
			broad	
			brochure	
			broiler	
			broke	
			broker	
			brome	
			bronchitis	
			bronco	
			bronze	
			brooch	
			brood	
			brook	
			brought	
			brow	
			brushfire	
			brushing	
			buckle	
			bud	
			buddy	
			budget	
			buffer	
			buffet	
			bug	
			buggy	
			bugle	
			build	
			bulldozer	
			bullet	
			bumper	
			bunch	
			bungalow	
			bunghole	
			bunkhouse	
			burglar	
			burlesque	
			burn	
			burst	
			bush	
			business	
			bust	
			bustle	
			busy	
			but	
			butane	
			butcher	
			butter	
			buy	
			buyer	
			buzzard	
			cabana	
			cabinet	
			caboose	
			cacao	
			caddy	
			cadet	
			cafe	
			caftan	
			cage	
			calcification	
			calculation	
			calculus	
			calendar	
			calf	
			calico	
			call	
			calm	
			came	
			cameo	
			camp	
			campaign	
			campanile	
			can	
			cancel	
			cancer	
			candelabra	
			candidate	
			cane	
			cannon	
			canoe	
			canon	
			canopy	
			canteen	
			canvas	
			cape	
			capital	
			capitulation	
			capon	
			cappelletti	
			cappuccino	
			captain	
			caption	
			caravan	
			card	
			cardboard	
			cardigan	
			care	
			career	
			cargo	
			carload	
			carnation	
			carol	
			carotene	
			carp	
			carpenter	
			carpet	
			carport	
			carrier	
			carry	
			cartilage	
			cartload	
			cartoon	
			cartridge	
			cascade	
			case	
			casement	
			cash	
			cashier	
			casino	
			casserole	
			cassock	
			cast	
			castanet	
			castanets	
			catacomb	
			catamaran	
			category	
			caterpillar	
			cathedral	
			catsup	
			cattle	
			caught	
			cauliflower	
			cause	
			caution	
			cd	
			celebration	
			celeriac	
			celery	
			celeste	
			cell	
			cellar	
			cello	
			celsius	
			cement	
			cemetery	
			cenotaph	
			census	
			cent	
			center	
			centimeter	
			centurion	
			century	
			cephalopod	
			ceramic	
			cereal	
			certain	
			certification	
			cesspool	
			chafe	
			chainstay	
			chairlift	
			chairman	
			chairperson	
			chaise	
			chalet	
			chalice	
			chalk	
			challenge	
			champion	
			championship	
			chance	
			chandelier	
			change	
			channel	
			chaos	
			chap	
			chapel	
			chapter	
			character	
			chard	
			charge	
			charity	
			charlatan	
			charles	
			chart	
			chastity	
			chasuble	
			chateau	
			chauffeur	
			chauvinist	
			check	
			checkroom	
			cheese	
			chef	
			chemical	
			chemistry	
			cheque	
			cherries	
			chick	
			chicory	
			chief	
			chiffonier	
			childhood	
			chill	
			chime	
			chino	
			chip	
			chipmunk	
			chivalry	
			chive	
			choice	
			choker	
			choose	
			chop	
			chopstick	
			chord	
			chowder	
			chrome	
			chromolithograph	
			chronograph	
			chronometer	
			chub	
			chug	
			church	
			churn	
			cicada	
			cigarette	
			ciggarette	
			cinema	
			circulation	
			circumference	
			circus	
			cirrus	
			citizenship	
			city	
			civilisation	
			claim	
			clam	
			clank	
			clapboard	
			clarinet	
			clasp	
			class	
			classic	
			classroom	
			clause	
			clave	
			clavicle	
			clavier	
			clean	
			cleaner	
			clear	
			cleat	
			cleavage	
			clef	
			cleric	
			clerk	
			click	
			client	
			climate	
			climb	
			clip	
			clipper	
			cloak	
			cloakroom	
			clockwork	
			clogs	
			cloister	
			close	
			closet	
			clothe	
			clothes	
			clothing	
			cloudburst	
			cloudy	
			clove	
			clover	
			club	
			clue	
			clutch	
			coach	
			cob	
			cobweb	
			cockpit	
			cocktail	
			cod	
			code	
			codon	
			codpiece	
			coevolution	
			coffin	
			coil	
			coinsurance	
			coke	
			cold	
			coliseum	
			collar	
			collect	
			collection	
			college	
			collision	
			colloquia	
			colon	
			colonisation	
			colony	
			color	
			colt	
			column	
			columnist	
			combat	
			combination	
			combine	
			come	
			comfort	
			comfortable	
			comic	
			comma	
			command	
			comment	
			commerce	
			commercial	
			commission	
			committee	
			common	
			communicant	
			communication	
			community	
			company	
			compare	
			comparison	
			compassion	
			competition	
			competitor	
			complaint	
			complement	
			complete	
			complex	
			component	
			comportment	
			composer	
			composition	
			compost	
			comprehension	
			compulsion	
			comradeship	
			concentrate	
			concept	
			concern	
			concert	
			conclusion	
			concrete	
			condition	
			conditioner	
			condominium	
			condor	
			conductor	
			cone	
			confectionery	
			conference	
			confidence	
			confirmation	
			conflict	
			confusion	
			conga	
			congo	
			congress	
			congressman	
			congressperson	
			conifer	
			connect	
			connection	
			consent	
			consequence	
			consider	
			consideration	
			consist	
			console	
			consonant	
			conspirator	
			constant	
			constellation	
			construction	
			consul	
			consulate	
			contact	
			contagion	
			contain	
			content	
			contest	
			context	
			continue	
			contract	
			contrail	
			contrary	
			contribution	
			control	
			convection	
			conversation	
			convert	
			convertible	
			cooking	
			cool	
			coonskin	
			cope	
			copy	
			copyright	
			copywriter	
			cord	
			corduroy	
			cork	
			cormorant	
			corner	
			cornerstone	
			cornet	
			corral	
			correct	
			correspondent	
			corridor	
			corruption	
			corsage	
			cost	
			costume	
			cot	
			cottage	
			couch	
			cougar	
			cough	
			could	
			council	
			councilman	
			councilor	
			councilperson	
			count	
			counter	
			countess	
			country	
			county	
			couple	
			courage	
			course	
			court	
			cousin	
			covariate	
			coverall	
			cowbell	
			cowboy	
			crack	
			cracker	
			crackers	
			cradle	
			craft	
			craftsman	
			crash	
			crate	
			cravat	
			craw	
			crawdad	
			crayfish	
			crayon	
			crazy	
			cream	
			crease	
			create	
			creative	
			creator	
			creature	
			creche	
			credenza	
			credit	
			creditor	
			creek	
			crest	
			crew	
			crib	
			cribbage	
			cricketer	
			crime	
			criminal	
			crinoline	
			criteria	
			criterion	
			criticism	
			crocus	
			croissant	
			crook	
			crop	
			cross	
			crotch	
			croup	
			crown	
			crude	
			crush	
			cry	
			crystallography	
			cub	
			cuckoo	
			cultivar	
			cultivator	
			culture	
			culvert	
			cummerbund	
			cupboard	
			cupcake	
			cupola	
			cups	
			curio	
			curl	
			curler	
			currency	
			current	
			cursor	
			curve	
			cushion	
			custard	
			customer	
			cut	
			cuticle	
			cutlet	
			cutover	
			cutting	
			cyclamen	
			cycle	
			cyclone	
			cylinder	
			cymbal	
			cymbals	
			cynic	
			cyst	
			cytoplasm	
			dagger	
			daisy	
			damage	
			dame	
			dancer	
			dancing	
			danger	
			daniel	
			dare	
			dark	
			dart	
			dash	
			dashboard	
			data	
			database	
			date	
			david	
			day	
			daybed	
			dead	
			deadline	
			deal	
			dealer	
			dear	
			death	
			deathwatch	
			debate	
			debt	
			debtor	
			decade	
			decide	
			decimal	
			decision	
			deck	
			declination	
			decongestant	
			decrease	
			decryption	
			dedication	
			deep	
			defense	
			deficit	
			definition	
			deformation	
			degree	
			delay	
			delete	
			delight	
			delivery	
			demand	
			demur	
			den	
			denim	
			dentist	
			deodorant	
			department	
			departure	
			depend	
			dependent	
			deployment	
			deposit	
			depression	
			depressive	
			depth	
			deputy	
			derby	
			derrick	
			describe	
			description	
			design	
			designer	
			desire	
			desktop	
			dessert	
			destiny	
			destroyer	
			destruction	
			detail	
			detainment	
			detective	
			detention	
			determination	
			determine	
			develop	
			developing	
			development	
			deviance	
			devil	
			devote	
			dew	
			dhow	
			diadem	
			dialogue	
			diaper	
			diaphragm	
			diarist	
			dibble	
			dickey	
			dictaphone	
			diction	
			dictionary	
			did	
			die	
			diesel	
			diet	
			differ	
			difference	
			different	
			differential	
			differently	
			difficult	
			difficulty	
			dig	
			digestion	
			digger	
			digital	
			dignity	
			dilapidation	
			dill	
			dime	
			dimension	
			dimple	
			diner	
			dinghy	
			dining	
			dinner	
			diploma	
			dipstick	
			direct	
			direction	
			directly	
			director	
			dirndl	
			dirt	
			dirty	
			disability	
			disadvantage	
			disagree	
			disappear	
			disarmament	
			disaster	
			disc	
			discipline	
			disco	
			disconnection	
			discount	
			discourse	
			discover	
			discovery	
			discrepancy	
			discrimination	
			discuss	
			discussion	
			disease	
			disembodiment	
			disengagement	
			disguise	
			disgust	
			dish	
			dishes	
			dishwasher	
			disk	
			dismiss	
			disorder	
			display	
			disposer	
			dispute	
			distance	
			distant	
			distinct	
			distinction	
			distinguish	
			distribute	
			distribution	
			distributor	
			district	
			divan	
			diver	
			diverse	
			diversity	
			divide	
			divider	
			diving	
			division	
			divorce	
			dna	
			dock	
			document	
			doe	
			does	
			dog	
			dogsled	
			dogwood	
			dollar	
			dolman	
			domain	
			domestic	
			dominant	
			dominate	
			done	
			door	
			doorframe	
			doorknob	
			doorpost	
			dory	
			dot	
			double	
			doubling	
			doubt	
			doubter	
			doughnut	
			down	
			downforce	
			downgrade	
			downtown	
			dozen	
			draft	
			drag	
			dragonfly	
			dragster	
			drain	
			drake	
			drama	
			dramatic	
			dramatically	
			dramaturge	
			draw	
			drawbridge	
			drawer	
			drawing	
			dredger	
			dresser	
			dressing	
			drill	
			drink	
			drive	
			driver	
			driveway	
			driving	
			drizzle	
			dromedary	
			drop	
			drug	
			drum	
			drummer	
			drunk	
			dry	
			dryer	
			duckling	
			dud	
			due	
			duffel	
			dugout	
			dulcimer	
			dumbwaiter	
			dump	
			dungarees	
			dungeon	
			duplexer	
			during	
			dust	
			duster	
			duty	
			dwarf	
			dwelling	
			dynamo	
			each	
			eager	
			eardrum	
			early	
			earmuffs	
			earn	
			earnings	
			earplug	
			earrings	
			earth	
			earthquake	
			earthworm	
			ease	
			easel	
			easily	
			east	
			eastern	
			easy	
			eave	
			eavesdropper	
			ecclesia	
			ecliptic	
			economic	
			economics	
			economist	
			economy	
			ecumenist	
			eddy	
			edge	
			edger	
			edition	
			editor	
			editorial	
			educate	
			education	
			educational	
			educator	
			edward	
			eel	
			effacement	
			effect	
			effective	
			effectively	
			efficacy	
			efficiency	
			efficient	
			effort	
			egghead	
			eggnog	
			eggplant	
			eight	
			eighth	
			either	
			ejector	
			elderly	
			elect	
			election	
			electric	
			electricity	
			electrocardiogram	
			electronic	
			element	
			elementary	
			elevator	
			eliminate	
			elite	
			elixir	
			elk	
			elm	
			elongation	
			else	
			elsewhere	
			embossing	
			embrace	
			emerge	
			emergence	
			emergency	
			emergent	
			emery	
			emission	
			emotion	
			emotional	
			emphasis	
			emphasize	
			employ	
			employee	
			employer	
			employment	
			empowerment	
			empty	
			emu	
			enable	
			encirclement	
			encounter	
			encourage	
			encyclopedia	
			end	
			endothelium	
			enemy	
			enforcement	
			engage	
			engine	
			engineer	
			engineering	
			english	
			enhance	
			enigma	
			enjoy	
			enjoyment	
			enormous	
			enough	
			enquiry	
			ensure	
			enter	
			enterprise	
			entertainment	
			enthusiasm	
			entire	
			entirely	
			entrance	
			entry	
			envelope	
			environment	
			environmental	
			envy	
			epauliere	
			epee	
			ephemera	
			ephemeris	
			episode	
			epoch	
			eponym	
			epoxy	
			equal	
			equally	
			equate	
			equation	
			equator	
			equinox	
			equipment	
			equivalent	
			era	
			eraser	
			error	
			escape	
			ese	
			espadrille	
			espalier	
			especially	
			essay	
			essential	
			essentially	
			establish	
			establishment	
			estate	
			estimate	
			estrogen	
			estuary	
			etc	
			ethernet	
			ethics	
			ethnic	
			euphonium	
			eurocentrism	
			europe	
			european	
			evaluate	
			evaluation	
			evaluator	
			even	
			evening	
			event	
			eventually	
			ever	
			every	
			everybody	
			everyday	
			everyone	
			everything	
			everywhere	
			eviction	
			evidence	
			evocation	
			evolution	
			evolve	
			exact	
			exactly	
			exam	
			examination	
			examine	
			examiner	
			example	
			exceed	
			excellent	
			except	
			exception	
			exchange	
			excite	
			excitement	
			exciting	
			exclamation	
			excuse	
			executive	
			executor	
			exercise	
			exhaust	
			exhibit	
			exhibition	
			exile	
			exist	
			existence	
			existing	
			exit	
			expand	
			expansion	
			expansionism	
			expect	
			expectation	
			expense	
			expensive	
			experience	
			experiment	
			expert	
			explain	
			explanation	
			explode	
			explore	
			explosion	
			expose	
			exposition	
			exposure	
			express	
			expression	
			extend	
			extension	
			extensive	
			extent	
			external	
			extra	
			extraordinary	
			extreme	
			extremely	
			eyeball	
			eyebrow	
			eyebrows	
			eyeglasses	
			eyelash	
			eyelashes	
			eyelid	
			eyelids	
			eyeliner	
			eyestrain	
			fabric	
			facelift	
			facet	
			facilities	
			facility	
			facsimile	
			fact	
			factor	
			factory	
			faculty	
			fade	
			fahrenheit	
			fail	
			failure	
			fairies	
			fairly	
			fairy	
			faith	
			fame	
			familiar	
			family	
			famous	
			fan	
			fang	
			fanlight	
			fanny	
			fantasy	
			far	
			farm	
			fart	
			fascia	
			fashion	
			fast	
			fat	
			fate	
			fatigues	
			faucet	
			fault	
			favor	
			favorite	
			fawn	
			fear	
			feast	
			feature	
			fedelini	
			federal	
			fedora	
			fee	
			feed	
			feedback	
			feeder	
			feeler	
			feeling	
			feist	
			felid	
			feline	
			fell	
			fellow	
			felony	
			felt	
			female	
			fen	
			fence	
			fencing	
			fender	
			ferret	
			ferry	
			ferryboat	
			fertilizer	
			fetlock	
			fetus	
			fever	
			few	
			fewer	
			fiber	
			fiberglass	
			fibre	
			fice	
			fiction	
			fiddle	
			field	
			fieldfare	
			fifteen	
			fifth	
			fifty	
			fig	
			figeater	
			fight	
			fighter	
			fighting	
			figure	
			figurine	
			filaria	
			file	
			filefish	
			fill	
			filly	
			filovirus	
			filth	
			fin	
			final	
			finally	
			finance	
			financial	
			finback	
			finch	
			finding	
			fine	
			fingerling	
			fingernail	
			finish	
			finisher	
			fir	
			fire	
			firebird	
			firebrat	
			firebug	
			firefly	
			fireman	
			fireplace	
			firewall	
			firm	
			first	
			fishbone	
			fisher	
			fisherman	
			fishery	
			fishing	
			fishmonger	
			fishnet	
			fishworm	
			fissiped	
			fisting	
			fit	
			fitch	
			fitness	
			five	
			fix	
			fixture	
			flagellate	
			flagellum	
			flame	
			flamingo	
			flank	
			flanker	
			flare	
			flash	
			flatboat	
			flatfish	
			flathead	
			flatworm	
			flavor	
			flax	
			flea	
			fleck	
			fledgeling	
			fledgling	
			flee	
			fleece	
			flicker	
			flight	
			flinthead	
			flintlock	
			flipper	
			float	
			flock	
			flood	
			floozie	
			flounder	
			flour	
			flu	
			flugelhorn	
			fluke	
			flycatcher	
			flytrap	
			foal	
			foam	
			fob	
			focus	
			foetus	
			fold	
			folder	
			folk	
			follow	
			following	
			fondue	
			font	
			foot	
			football	
			footnote	
			footrest	
			footstool	
			for	
			foram	
			foraminifer	
			foraminifera	
			foray	
			force	
			forearm	
			forebear	
			forecast	
			forefoot	
			forehead	
			foreign	
			foreleg	
			forelimb	
			forelock	
			forepaw	
			forestry	
			foretop	
			forever	
			forewing	
			forgery	
			forget	
			form	
			formal	
			format	
			formation	
			former	
			formica	
			formula	
			fort	
			forth	
			fortnight	
			fortress	
			fortune	
			forum	
			forward	
			fossa	
			found	
			foundation	
			founder	
			fountain	
			four	
			fourth	
			fowl	
			foxglove	
			foxhound	
			fraction	
			fragrance	
			frame	
			framework	
			fratricide	
			fraudster	
			frazzle	
			freckle	
			freedom	
			freeplay	
			freeze	
			freezer	
			freight	
			freighter	
			french	
			freon	
			frequency	
			frequent	
			frequently	
			fresco	
			fresh	
			friction	
			fridge	
			friend	
			friendly	
			friendship	
			frigate	
			fringe	
			fritillary	
			frogfish	
			froghopper	
			from	
			front	
			frost	
			frown	
			fruit	
			frustration	
			fucoid	
			fucus	
			fuel	
			fulfillment	
			full	
			fully	
			fulmar	
			fun	
			function	
			fund	
			fundamental	
			funding	
			fundraising	
			funeral	
			fungi	
			funny	
			fur	
			furcula	
			furnace	
			furthermore	
			fusarium	
			futon	
			future	
			gaffer	
			gain	
			gaiters	
			gale	
			gallery	
			galley	
			gallon	
			galn	
			galoshes	
			gamebird	
			gander	
			gang	
			gap	
			garage	
			garb	
			garbage	
			garden	
			garment	
			garter	
			gas	
			gasoline	
			gastropod	
			gateway	
			gather	
			gauge	
			gauntlet	
			gave	
			gay	
			gaze	
			gazebo	
			gazelle	
			gearshift	
			geese	
			gelding	
			gemsbok	
			gender	
			gene	
			general	
			generally	
			generate	
			generation	
			genetic	
			genetics	
			gentle	
			gentleman	
			gently	
			geography	
			geology	
			geometry	
			george	
			geranium	
			gerbil	
			german	
			gesture	
			get	
			geyser	
			gherkin	
			ghost	
			giant	
			gifted	
			gigantism	
			ginseng	
			girdle	
			girlfriend	
			git	
			give	
			given	
			glad	
			gladiolus	
			glance	
			gland	
			glass	
			glasses	
			glen	
			glider	
			gliding	
			global	
			glockenspiel	
			glove	
			gloves	
			glue	
			glut	
			gobbler	
			god	
			godmother	
			goggles	
			golden	
			goldfish	
			golf	
			gondola	
			gone	
			gong	
			good	
			goodbye	
			goodie	
			gopher	
			gosling	
			gossip	
			got	
			govern	
			governance	
			government	
			gown	
			grab	
			grade	
			gradually	
			graduate	
			grain	
			gram	
			grammar	
			grand	
			granddaughter	
			grandfather	
			grandmom	
			grandmother	
			grandson	
			granny	
			grant	
			grapefruit	
			graph	
			graphic	
			grasshopper	
			grassland	
			gratitude	
			grave	
			gray	
			grease	
			great	
			greatest	
			greek	
			greenhouse	
			grenade	
			grew	
			grey	
			grid	
			grief	
			grill	
			grip	
			grit	
			grocery	
			group	
			grouper	
			grouse	
			grow	
			growing	
			growth	
			guarantee	
			guard	
			guess	
			guest	
			guestbook	
			guidance	
			guide	
			guideline	
			guilt	
			guilty	
			guitarist	
			gulf	
			gum	
			gumshoes	
			gun	
			gutter	
			guy	
			gym	
			gymnast	
			gymnastics	
			gynaecology	
			gyro	
			habit	
			habitat	
			hacienda	
			hacksaw	
			hackwork	
			had	
			hail	
			haircut	
			hairnet	
			half	
			halibut	
			hallway	
			hamaki	
			hamburger	
			hammock	
			hamster	
			handball	
			handful	
			handicap	
			handle	
			handlebar	
			handmaiden	
			handsaw	
			hang	
			happen	
			happiness	
			happy	
			harbor	
			harbour	
			hard	
			hardboard	
			hardcover	
			hardening	
			hardhat	
			hardly	
			hardware	
			harm	
			harmony	
			harp	
			harpoon	
			harpooner	
			harpsichord	
			has	
			hassock	
			hat	
			hatbox	
			hatchet	
			hate	
			hatred	
			haunt	
			have	
			haversack	
			hay	
			headlight	
			headline	
			headquarters	
			headrest	
			health	
			healthy	
			hear	
			heard	
			hearing	
			heartache	
			hearth	
			hearthside	
			heartwood	
			heat	
			heater	
			heaven	
			heavily	
			heavy	
			hedge	
			hedgehog	
			heel	
			height	
			heirloom	
			held	
			helen	
			hell	
			hellcat	
			hello	
			helo	
			help	
			helpful	
			hemp	
			hen	
			her	
			here	
			heritage	
			heron	
			herring	
			herself	
			hexagon	
			hey	
			heyday	
			hide	
			high	
			highlight	
			highly	
			highway	
			him	
			himself	
			hippodrome	
			hippopotamus	
			hire	
			his	
			historian	
			historic	
			historical	
			history	
			hit	
			hive	
			hobbies	
			hobbit	
			hobby	
			hoe	
			hog	
			hold	
			holiday	
			holy	
			home	
			homeless	
			homework	
			homogenate	
			homonym	
			honest	
			honesty	
			honeybee	
			honor	
			honoree	
			hood	
			hoof	
			hook	
			hope	
			hops	
			horizon	
			hornet	
			horror	
			hose	
			hosiery	
			hospice	
			hospital	
			hospitality	
			host	
			hostel	
			hostess	
			hot	
			hotel	
			hour	
			hourglass	
			house	
			houseboat	
			household	
			housework	
			housing	
			hovel	
			hovercraft	
			how	
			however	
			howitzer	
			hub	
			hubcap	
			huge	
			hugger	
			human	
			humidity	
			humor	
			humour	
			hundred	
			hunger	
			hungry	
			hunt	
			hunter	
			hunting	
			hurdler	
			hurry	
			hurt	
			husband	
			hut	
			hutch	
			hyacinth	
			hybridisation	
			hydrant	
			hydraulics	
			hydrofoil	
			hyena	
			hygienic	
			hyphenation	
			hypochondria	
			hypothermia	
			hypothesis	
			icebreaker	
			icecream	
			icicle	
			icon	
			idea	
			ideal	
			identification	
			identify	
			identity	
			igloo	
			ignore	
			ikebana	
			ill	
			illegal	
			illness	
			illustrate	
			image	
			imagination	
			imagine	
			immediate	
			immediately	
			immigrant	
			immigration	
			impact	
			implement	
			implication	
			imply	
			importance	
			important	
			impose	
			impossible	
			impress	
			impression	
			impressive	
			imprisonment	
			improve	
			improvement	
			impudence	
			impulse	
			inbox	
			incandescence	
			incentive	
			inch	
			incident	
			include	
			including	
			income	
			incorporate	
			increase	
			increased	
			increasing	
			increasingly	
			incredible	
			indeed	
			independence	
			independent	
			index	
			indian	
			indicate	
			indication	
			indigence	
			individual	
			industrial	
			industry	
			inevitable	
			infancy	
			infant	
			infection	
			inflammation	
			inflation	
			influence	
			inform	
			information	
			infusion	
			inglenook	
			ingrate	
			ingredient	
			initial	
			initially	
			initiative	
			injury	
			injustice	
			ink	
			inlay	
			inn	
			inner	
			innervation	
			innocence	
			innocent	
			input	
			inquiry	
			inscription	
			inside	
			insight	
			insist	
			insolence	
			inspection	
			inspector	
			inspire	
			install	
			instance	
			instant	
			instead	
			institution	
			institutional	
			instruction	
			instructor	
			instrumentalist	
			instrumentation	
			insulation	
			insurance	
			insurgence	
			intellectual	
			intelligence	
			intend	
			intense	
			intensity	
			intent	
			intention	
			interaction	
			interactive	
			interest	
			interested	
			interesting	
			interferometer	
			interior	
			interloper	
			internal	
			international	
			internet	
			interpret	
			interpretation	
			interpreter	
			intervenor	
			intervention	
			interview	
			interviewer	
			intestine	
			intestines	
			into	
			introduce	
			introduction	
			invasion	
			invent	
			invention	
			inventor	
			inventory	
			invest	
			investigate	
			investigation	
			investigator	
			investment	
			investor	
			invite	
			invoice	
			involve	
			involved	
			involvement	
			iraqi	
			iridescence	
			iris	
			irish	
			ironclad	
			irony	
			islamic	
			israeli	
			issue	
			italian	
			item	
			its	
			itself	
			jaguar	
			jail	
			jailhouse	
			james	
			japanese	
			jar	
			jasmine	
			jealousy	
			jeff	
			jellyfish	
			jew	
			jewel	
			jewelry	
			jewish	
			jiffy	
			job	
			jockey	
			jodhpurs	
			joey	
			jogging	
			join	
			joint	
			joke	
			jot	
			journal	
			journalist	
			journey	
			joy	
			judgment	
			judo	
			juggernaut	
			jumbo	
			jump	
			jumper	
			jumpsuit	
			junior	
			junk	
			junker	
			junket	
			jury	
			just	
			justice	
			justify	
			jute	
			kale	
			kamikaze	
			karate	
			karen	
			kayak	
			kazoo	
			keep	
			kendo	
			kept	
			ketch	
			ketchup	
			kettle	
			kettledrum	
			keyboard	
			keyboarding	
			keystone	
			kick	
			kidneys	
			kielbasa	
			kill	
			killer	
			killing	
			kilogram	
			kilometer	
			kilt	
			kimono	
			kindness	
			kingfish	
			kiosk	
			kiss	
			kitchen	
			kitten	
			kitty	
			kleenex	
			klomps	
			kneejerk	
			knew	
			knickers	
			knife	
			knight	
			knitting	
			knives	
			knock	
			knot	
			know	
			knowledge	
			knuckle	
			kohlrabi	
			kumquat	
			lab	
			label	
			labor	
			laboratory	
			laborer	
			labour	
			lace	
			lack	
			lacquerware	
			ladybug	
			lamb	
			lan	
			lanai	
			landform	
			landmine	
			landscape	
			language	
			lantern	
			laparoscope	
			lapdog	
			laptop	
			larch	
			larder	
			large	
			largely	
			lark	
			laryngitis	
			lasagna	
			lasso	
			last	
			late	
			latency	
			later	
			latex	
			lathe	
			latin	
			latte	
			latter	
			laugh	
			laughter	
			launch	
			laundry	
			lava	
			law	
			lawn	
			lawsuit	
			lay	
			layer	
			leader	
			leadership	
			leading	
			league	
			leaker	
			lean	
			learn	
			learning	
			leash	
			least	
			leather	
			leave	
			leaver	
			lecture	
			led	
			leek	
			left	
			legacy	
			legal	
			legend	
			legging	
			legislation	
			legitimate	
			legume	
			lei	
			leisure	
			lemonade	
			lemur	
			length	
			lentil	
			leprosy	
			less	
			lesson	
			let	
			letter	
			level	
			lever	
			leverage	
			liberal	
			library	
			license	
			lie	
			lier	
			life	
			lifestyle	
			lifetime	
			lift	
			light	
			lightbulb	
			lighter	
			lighting	
			lightning	
			likely	
			lilac	
			limit	
			limitation	
			limited	
			limo	
			liner	
			linguistics	
			link	
			linseed	
			lipstick	
			liquid	
			liquor	
			lisa	
			list	
			listen	
			literally	
			literary	
			literature	
			litigation	
			litter	
			little	
			livestock	
			living	
			llama	
			load	
			loaf	
			loafer	
			loan	
			lobotomy	
			lobster	
			local	
			locate	
			location	
			locker	
			locomotive	
			locust	
			loft	
			log	
			loggia	
			logic	
			logo	
			loincloth	
			lollypop	
			lone	
			loneliness	
			long	
			look	
			loose	
			lose	
			loss	
			lost	
			lot	
			lotion	
			lots	
			loud	
			lounge	
			lout	
			lovely	
			lover	
			low	
			lower	
			loyalty	
			luck	
			lucky	
			luggage	
			lumber	
			lumberman	
			lunch	
			luncheonette	
			lunchroom	
			lunge	
			lute	
			luttuce	
			lycra	
			lye	
			lymphocyte	
			lynx	
			lyocell	
			lyre	
			lyric	
			macadamia	
			macaroni	
			machine	
			machinery	
			macrame	
			macrofauna	
			mad	
			made	
			maelstrom	
			maestro	
			magazine	
			magic	
			maid	
			maiden	
			mail	
			mailbox	
			mailman	
			main	
			mainly	
			maintain	
			maintenance	
			major	
			majority	
			make	
			maker	
			makeup	
			male	
			mall	
			mallet	
			mambo	
			manage	
			management	
			mandarin	
			mandolin	
			mangrove	
			manhunt	
			maniac	
			manicure	
			mankind	
			manner	
			manor	
			mansard	
			manservant	
			mansion	
			mantel	
			mantle	
			mantua	
			manufacturer	
			manufacturing	
			manx	
			many	
			map	
			maple	
			maraca	
			maracas	
			mare	
			margin	
			mariachi	
			marimba	
			mark	
			market	
			marketing	
			marksman	
			marriage	
			married	
			marry	
			marsh	
			marshland	
			marxism	
			mascara	
			mass	
			massage	
			massive	
			master	
			mastication	
			mastoid	
			mat	
			match	
			mate	
			material	
			mathematics	
			matrix	
			matter	
			mattock	
			mattress	
			maximum	
			may	
			maybe	
			mayonnaise	
			mayor	
			meal	
			mean	
			meaning	
			meant	
			meanwhile	
			measles	
			measure	
			measurement	
			meat	
			mechanic	
			mechanism	
			media	
			medical	
			medication	
			medicine	
			medium	
			meet	
			meeting	
			megaliac	
			melody	
			member	
			membership	
			memory	
			men	
			menorah	
			mental	
			mention	
			menu	
			mere	
			merely	
			mess	
			message	
			metal	
			metallurgist	
			meteorology	
			meter	
			methane	
			method	
			methodology	
			metro	
			metronome	
			mexican	
			mezzanine	
			mice	
			microlending	
			microwave	
			middle	
			middleman	
			midi	
			midline	
			midnight	
			midwife	
			might	
			migrant	
			mile	
			military	
			milkshake	
			millennium	
			millimeter	
			million	
			millisecond	
			mime	
			mimosa	
			mind	
			mine	
			mini	
			minibus	
			minimum	
			minion	
			minor	
			minority	
			minute	
			miracle	
			mirror	
			miscarriage	
			miscommunication	
			misfit	
			misogyny	
			misplacement	
			misreading	
			miss	
			missile	
			mission	
			mistake	
			mister	
			miter	
			mitten	
			mix	
			mixer	
			mixture	
			moat	
			mobile	
			moccasins	
			mocha	
			mode	
			model	
			modem	
			moderate	
			modern	
			modest	
			mole	
			molecule	
			moment	
			monastery	
			monasticism	
			money	
			monger	
			monitor	
			monk	
			monocle	
			monotheism	
			monsoon	
			monster	
			month	
			mood	
			moon	
			moonscape	
			moonshine	
			mop	
			moral	
			more	
			moreover	
			morsel	
			mortgage	
			mortise	
			mosque	
			most	
			mostly	
			motel	
			moth	
			motion	
			motivation	
			motorboat	
			motorcar	
			motorcycle	
			mound	
			mount	
			mouser	
			mousse	
			moustache	
			mouton	
			move	
			movement	
			mover	
			movie	
			mower	
			mrs	
			much	
			mud	
			mug	
			mukluk	
			mule	
			multimedia	
			multiple	
			multiply	
			murder	
			musculature	
			museum	
			musical	
			musician	
			muslim	
			must	
			mustache	
			mustard	
			mutt	
			mutual	
			mycoplasma	
			myself	
			mystery	
			myth	
			naked	
			name	
			naming	
			nanoparticle	
			napkin	
			narrative	
			narrow	
			nasty	
			nation	
			national	
			native	
			natural	
			naturalisation	
			naturally	
			near	
			nearby	
			nearly	
			neat	
			necessarily	
			necessary	
			necklace	
			necktie	
			need	
			negative	
			negligee	
			negotiate	
			negotiation	
			neighbor	
			neighborhood	
			neither	
			neologism	
			nephew	
			nervous	
			nepalese	
			netball	
			netbook	
			netsuke	
			network	
			neurobiologist	
			neuropathologist	
			neuropsychiatry	
			never	
			nevertheless	
			new	
			newly	
			news	
			newspaper	
			newsprint	
			newsstand	
			next	
			nexus	
			nice	
			nicety	
			niche	
			nickel	
			niece	
			nightclub	
			nightgown	
			nightingale	
			nightlight	
			nine	
			ninth	
			noble	
			nobody	
			nod	
			node	
			noise	
			nomination	
			nonbeliever	
			nonconformist	
			nondisclosure	
			none	
			nonetheless	
			nonsense	
			noodle	
			noon	
			nor	
			normal	
			normally	
			norse	
			north	
			northern	
			not	
			note	
			notebook	
			notepad	
			nothing	
			notice	
			notify	
			notion	
			notoriety	
			nougat	
			noun	
			novel	
			now	
			nowhere	
			nuclear	
			nudge	
			number	
			numeracy	
			numeral	
			numeric	
			numerous	
			numismatist	
			nursery	
			nurture	
			nut	
			nutrition	
			nylon	
			oar	
			oasis	
			oatmeal	
			obedience	
			obesity	
			obi	
			object	
			objective	
			obligation	
			oboe	
			observation	
			observatory	
			observe	
			observer	
			obtain	
			obvious	
			obviously	
			occasion	
			occasionally	
			occupation	
			occupy	
			occur	
			ocelot	
			octagon	
			octave	
			octavo	
			octet	
			odd	
			odds	
			odometer	
			oeuvre	
			off	
			offence	
			offense	
			offensive	
			offer	
			office	
			officer	
			official	
			often	
			okay	
			okra	
			old	
			oldie	
			olympic	
			omega	
			omelet	
			once	
			oncology	
			one	
			ongoing	
			online	
			only	
			onto	
			open	
			opening	
			opera	
			operate	
			operating	
			operation	
			operator	
			ophthalmologist	
			opinion	
			opium	
			opossum	
			opponent	
			opportunist	
			opportunity	
			oppose	
			opposite	
			opposition	
			option	
			orangutan	
			orator	
			orchard	
			orchestra	
			order	
			ordinary	
			ordination	
			organ	
			organic	
			organisation	
			organization	
			organize	
			orientation	
			origin	
			original	
			originally	
			ornament	
			osmosis	
			osprey	
			other	
			others	
			otherwise	
			ott	
			otter	
			ought	
			ounce	
			our	
			ourselves	
			out	
			outback	
			outcome	
			outfit	
			outhouse	
			outlay	
			output	
			outrigger	
			outset	
			outside	
			ovary	
			over	
			overall	
			overcharge	
			overclocking	
			overcoat	
			overcome	
			overexertion	
			overflight	
			overlook	
			overnighter	
			overshoot	
			owe	
			own	
			owner	
			oxen	
			oxford	
			pace	
			pacemaker	
			pack	
			package	
			packet	
			pad	
			paddle	
			paddock	
			page	
			pagoda	
			pail	
			pain	
			painful	
			paint	
			painter	
			painting	
			paintwork	
			pair	
			pajama	
			pajamas	
			pale	
			palestinian	
			pamphlet	
			pan	
			pancake	
			pancreas	
			panel	
			panic	
			pannier	
			panpipe	
			pans	
			pansy	
			panties	
			pantologist	
			pantology	
			pantry	
			pants	
			pantsuit	
			panty	
			pantyhose	
			paperback	
			parable	
			parachute	
			parade	
			paragraph	
			parallelogram	
			paramedic	
			parcel	
			parchment	
			pard	
			parent	
			parentheses	
			park	
			parka	
			parking	
			parsnip	
			part	
			participant	
			participate	
			participation	
			particle	
			particular	
			particularly	
			partly	
			partner	
			partnership	
			partridge	
			party	
			pass	
			passage	
			passbook	
			passenger	
			passion	
			passive	
			past	
			paste	
			pastor	
			pastoralist	
			pastry	
			patch	
			path	
			patience	
			patient	
			patina	
			patio	
			patriarch	
			patricia	
			patrimony	
			patriot	
			patrol	
			pattern	
			pause	
			pavement	
			pavilion	
			paw	
			pawnshop	
			pay	
			payee	
			payment	
			pea	
			peach	
			peacoat	
			peacock	
			peanut	
			pedal	
			peen	
			peer	
			pegboard	
			pelican	
			pelt	
			penalty	
			pendant	
			pendulum	
			penicillin	
			pension	
			pentagon	
			peony	
			people	
			per	
			perceive	
			percentage	
			perception	
			perch	
			perfect	
			perfectly	
			perform	
			performance	
			perhaps	
			period	
			periodical	
			peripheral	
			permafrost	
			permanent	
			permission	
			permit	
			perp	
			person	
			personal	
			personality	
			personally	
			personnel	
			perspective	
			persuade	
			pest	
			pet	
			petal	
			petrol	
			petticoat	
			pew	
			pha	
			pharmacist	
			pharmacopoeia	
			phase	
			pheasant	
			phenomenon	
			philosopher	
			philosophy	
			phone	
			photo	
			photograph	
			photographer	
			phrase	
			physical	
			physically	
			physician	
			physics	
			pianist	
			piccolo	
			pick	
			pickax	
			picket	
			picture	
			piece	
			pier	
			piety	
			pig	
			pike	
			pile	
			pilgrimage	
			pill	
			pillbox	
			pimp	
			pimple	
			pin	
			pinafore	
			pineapple	
			pinecone	
			ping	
			pink	
			pinkie	
			pinstripe	
			pint	
			pinto	
			pinworm	
			pioneer	
			piracy	
			piss	
			pitch	
			pitching	
			pith	
			place	
			plain	
			plan	
			plane	
			planet	
			planning	
			plantation	
			planter	
			plaque	
			plaster	
			plasterboard	
			plastic	
			platform	
			platypus	
			play	
			player	
			playground	
			playroom	
			please	
			pleasure	
			pleated	
			plenty	
			plier	
			plot	
			plough	
			plover	
			plow	
			plowman	
			plume	
			plunger	
			plural	
			plus	
			plywood	
			pneumonia	
			pocketbook	
			poetry	
			poignance	
			point	
			poison	
			poisoning	
			pole	
			polenta	
			policeman	
			policy	
			polish	
			political	
			politically	
			politician	
			politics	
			poll	
			pollution	
			polyester	
			pompom	
			poncho	
			pony	
			poof	
			poor	
			pop	
			popcorn	
			poppy	
			popsicle	
			popular	
			populate	
			population	
			populist	
			porch	
			porcupine	
			port	
			porter	
			portfolio	
			porthole	
			portion	
			portrait	
			portray	
			pose	
			position	
			positive	
			possess	
			possession	
			possibility	
			possible	
			possibly	
			post	
			postage	
			postbox	
			poster	
			pot	
			potential	
			potentially	
			pots	
			potty	
			pouch	
			poultry	
			pound	
			pounding	
			pour	
			poverty	
			powder	
			power	
			powerful	
			practical	
			practice	
			pray	
			prayer	
			precedent	
			precipitation	
			precisely	
			predict	
			preface	
			prefer	
			preference	
			pregnancy	
			pregnant	
			prelude	
			premeditation	
			premier	
			preoccupation	
			preparation	
			prepare	
			prescription	
			presence	
			present	
			presentation	
			preserve	
			president	
			presidential	
			press	
			pressroom	
			pressure	
			pressurisation	
			pretend	
			pretty	
			prevent	
			previous	
			previously	
			price	
			pride	
			priest	
			priesthood	
			primarily	
			primary	
			primate	
			prime	
			prince	
			princess	
			principal	
			principle	
			print	
			prior	
			priority	
			prison	
			prisoner	
			privacy	
			private	
			prize	
			prizefight	
			probable	
			probably	
			probation	
			problem	
			procedure	
			proceed	
			process	
			processing	
			produce	
			producer	
			product	
			production	
			profession	
			professional	
			professor	
			profile	
			profit	
			program	
			progress	
			project	
			prominent	
			promise	
			promote	
			promotion	
			prompt	
			pronunciation	
			proof	
			propane	
			proper	
			properly	
			property	
			proportion	
			proposal	
			propose	
			proposed	
			prose	
			prosecution	
			prosecutor	
			prospect	
			protect	
			protection	
			protein	
			protest	
			protocol	
			proud	
			prove	
			provide	
			provider	
			province	
			provision	
			prow	
			pruner	
			pseudoscience	
			psychiatrist	
			psychoanalyst	
			psychological	
			psychologist	
			psychology	
			ptarmigan	
			public	
			publication	
			publicity	
			publicly	
			publish	
			publisher	
			pudding	
			puddle	
			puffin	
			pull	
			pulley	
			pump	
			pumpkin	
			pumpkinseed	
			punch	
			punctuation	
			punishment	
			pupa	
			pupil	
			puppy	
			purchase	
			puritan	
			purple	
			purpose	
			pursue	
			push	
			pusher	
			put	
			pvc	
			pyjama	
			quadrant	
			quail	
			qualify	
			quality	
			quantity	
			quart	
			quarter	
			quarterback	
			quartz	
			question	
			quickly	
			quicksand	
			quietly	
			quill	
			quilt	
			quince	
			quit	
			quite	
			quiver	
			quotation	
			quote	
			quotient	
			rabbi	
			raccoon	
			racer	
			racial	
			racing	
			racism	
			racist	
			rack	
			radar	
			radiator	
			radical	
			radiosonde	
			raffle	
			raft	
			rag	
			rage	
			rail	
			railing	
			railway	
			raiment	
			rainbow	
			raincoat	
			rainmaker	
			rainstorm	
			raise	
			rake	
			ram	
			rambler	
			ramie	
			ran	
			ranch	
			random	
			randomisation	
			range	
			rank	
			rapid	
			rapidly	
			rare	
			rarely	
			raspberry	
			rat	
			rate	
			rather	
			rating	
			ratio	
			raven	
			ravioli	
			raw	
			rawhide	
			ray	
			rayon	
			reach	
			react	
			reactant	
			reaction	
			read	
			reader	
			reading	
			ready	
			real	
			reality	
			realize	
			really	
			reamer	
			rear	
			reason	
			reasonable	
			recall	
			receipt	
			receive	
			recent	
			recently	
			reception	
			recess	
			recipe	
			recliner	
			recognition	
			recognize	
			recommend	
			recommendation	
			record	
			recorder	
			recording	
			recover	
			recovery	
			recreation	
			recruit	
			redesign	
			rediscovery	
			reduce	
			reduction	
			reef	
			refectory	
			refer	
			reference	
			reflect	
			reflection	
			reform	
			refrigerator	
			refugee	
			refund	
			refuse	
			regard	
			regarding	
			regardless	
			regime	
			region	
			regional	
			register	
			regret	
			regular	
			regularly	
			regulate	
			regulation	
			reindeer	
			reinforce	
			reinscription	
			reject	
			relate	
			relation	
			relationship	
			relative	
			relatively	
			relax	
			relaxation	
			release	
			relevant	
			reliability	
			relief	
			religion	
			religious	
			relish	
			rely	
			remain	
			remaining	
			remarkable	
			remember	
			remind	
			reminder	
			remote	
			remove	
			rent	
			repair	
			reparation	
			repeat	
			repeatedly	
			replace	
			replacement	
			replication	
			reply	
			report	
			reporter	
			represent	
			representation	
			representative	
			reprocessing	
			republic	
			republican	
			reputation	
			request	
			require	
			requirement	
			resale	
			research	
			researcher	
			resemble	
			reservation	
			reserve	
			resident	
			resist	
			resistance	
			resolution	
			resolve	
			resort	
			resource	
			respect	
			respite	
			respond	
			respondent	
			response	
			responsibility	
			responsible	
			rest	
			restaurant	
			restore	
			restriction	
			result	
			retailer	
			retain	
			rethinking	
			retina	
			retire	
			retirement	
			retouch	
			return	
			reveal	
			revenant	
			revenge	
			revenue	
			review	
			revolution	
			revolve	
			revolver	
			reward	
			rheumatism	
			rhinoceros	
			rhyme	
			rhythm	
			rib	
			rich	
			rid	
			riddle	
			ride	
			rider	
			ridge	
			rifle	
			right	
			rim	
			ring	
			ringworm	
			rip	
			ripple	
			rise	
			riser	
			risk	
			riverbed	
			rivulet	
			road	
			roadway	
			roast	
			robe	
			rocker	
			rod	
			role	
			roll	
			roller	
			romantic	
			rooster	
			rope	
			rostrum	
			rotate	
			rough	
			roughly	
			round	
			roundabout	
			route	
			router	
			routine	
			row	
			rowboat	
			royal	
			rub	
			rubber	
			rubbish	
			rubric	
			ruckus	
			ruffle	
			rugby	
			ruin	
			rule	
			rum	
			runaway	
			runner	
			running	
			rural	
			rush	
			russian	
			rust	
			rutabaga	
			ruth	
			sabre	
			sack	
			sacred	
			sad	
			saddle	
			safe	
			safety	
			sage	
			said	
			sail	
			sailboat	
			sailor	
			sake	
			salary	
			sale	
			sales	
			salesman	
			salmon	
			salon	
			saloon	
			same	
			samovar	
			sampan	
			sample	
			samurai	
			sanction	
			sandals	
			sandbar	
			sandwich	
			sardine	
			sari	
			sarong	
			sash	
			sat	
			satin	
			satire	
			satisfaction	
			satisfy	
			sauce	
			saucers	
			sausage	
			save	
			saving	
			savings	
			savior	
			saviour	
			saw	
			saxophone	
			say	
			scale	
			scallion	
			scandal	
			scanner	
			scarecrow	
			scared	
			scarification	
			scenario	
			scene	
			scenery	
			scent	
			schedule	
			scheme	
			schizophrenic	
			schnitzel	
			scholar	
			scholarship	
			school	
			schoolhouse	
			schooner	
			scientific	
			scientist	
			scimitar	
			scissors	
			scooter	
			scope	
			score	
			scorn	
			scow	
			scraper	
			scratch	
			scream	
			screamer	
			screen	
			screenwriting	
			screwdriver	
			scrim	
			scrip	
			script	
			sculpting	
			sculpture	
			seafood	
			seagull	
			seal	
			seaplane	
			search	
			seashore	
			seaside	
			season	
			seat	
			second	
			secret	
			secretariat	
			secretary	
			section	
			sectional	
			sector	
			secure	
			security	
			see	
			seeder	
			seek	
			seem	
			segment	
			seize	
			select	
			selection	
			self	
			sell	
			semicircle	
			semicolon	
			senate	
			senator	
			send	
			senior	
			sense	
			sensitive	
			sent	
			sentence	
			sepal	
			separate	
			septicaemia	
			sequence	
			series	
			serious	
			seriously	
			servant	
			serve	
			server	
			service	
			session	
			set	
			setting	
			settle	
			settlement	
			settler	
			seven	
			seventh	
			several	
			severe	
			sewer	
			sex	
			sexual	
			shack	
			shade	
			shadow	
			shadowbox	
			shake	
			shakedown	
			shaker	
			shall	
			shallot	
			shame	
			shampoo	
			shanty	
			shape	
			share	
			sharon	
			sharp	
			shawl	
			she	
			shearling	
			shears	
			sheath	
			shed	
			sheet	
			shelf	
			shell	
			shelter	
			sherry	
			shield	
			shift	
			shin	
			shine	
			shingle	
			shirtdress	
			shit	
			shoat	
			shock	
			shoehorn	
			shoelace	
			shoemaker	
			shoes	
			shoestring	
			shofar	
			shoot	
			shootdown	
			shooting	
			shop	
			shopper	
			shopping	
			shore	
			short	
			shortage	
			shortly	
			shorts	
			shortwave	
			shot	
			should	
			shout	
			show	
			shower	
			shred	
			shrimp	
			shrine	
			shrug	
			shut	
			sibling	
			sick	
			side	
			sideboard	
			sideburns	
			sidecar	
			sidestream	
			sidewalk	
			siding	
			sigh	
			sight	
			sign	
			signal	
			signature	
			signet	
			significance	
			significant	
			significantly	
			signup	
			silence	
			silent	
			silica	
			silk	
			silkworm	
			sill	
			silly	
			silo	
			silverware	
			similar	
			similarly	
			simple	
			simply	
			sin	
			since	
			singer	
			single	
			sink	
			sir	
			sit	
			sitar	
			site	
			situation	
			six	
			sixth	
			size	
			ski	
			skiing	
			skill	
			skull	
			skullcap	
			skullduggery	
			skunk	
			skylight	
			skyscraper	
			skywalk	
			slapstick	
			slash	
			slave	
			sled	
			sledge	
			sleep	
			sleet	
			sleuth	
			slice	
			slide	
			slider	
			slight	
			slightly	
			slime	
			slip	
			slipper	
			slippers	
			slope	
			slow	
			slowly	
			small	
			smart	
			smash	
			smell	
			smelting	
			smile	
			smock	
			smog	
			smoke	
			smoking	
			smooth	
			smuggling	
			snakebite	
			snap	
			sneakers	
			sneeze	
			snob	
			snorer	
			snowboarding	
			snowflake	
			snowman	
			snowmobiling	
			snowplow	
			snowstorm	
			snowsuit	
			snuggle	
			soap	
			social	
			society	
			sociology	
			socks	
			soda	
			soft	
			softball	
			softdrink	
			softening	
			software	
			solar	
			solitaire	
			solution	
			solve	
			sombrero	
			some	
			somebody	
			somehow	
			someone	
			somersault	
			something	
			sometimes	
			somewhat	
			somewhere	
			song	
			songbird	
			sonnet	
			soon	
			soot	
			sophisticated	
			soprano	
			sorbet	
			sorrow	
			sorry	
			sort	
			soul	
			soulmate	
			sound	
			source	
			sourwood	
			sousaphone	
			south	
			southern	
			soviet	
			sow	
			soybean	
			space	
			spacing	
			spade	
			spaghetti	
			spandex	
			spanish	
			spank	
			spare	
			spark	
			sparrow	
			spasm	
			speak	
			speakerphone	
			spear	
			special	
			specialist	
			species	
			specific	
			specifically	
			spectacle	
			spectacles	
			spectrograph	
			speech	
			speed	
			speedboat	
			spell	
			spelling	
			spend	
			spending	
			sphynx	
			spike	
			spikes	
			spinach	
			spine	
			spiral	
			spirit	
			spiritual	
			spite	
			spleen	
			split	
			spoke	
			spokesman	
			sport	
			spot	
			spotlight	
			spray	
			spread	
			sprinter	
			sprout	
			spruce	
			spume	
			spur	
			spy	
			squash	
			squatter	
			squeegee	
			squeeze	
			stability	
			stable	
			stack	
			stacking	
			stadium	
			staff	
			stag	
			stage	
			stain	
			stair	
			staircase	
			stairs	
			stake	
			stallion	
			stamen	
			stamina	
			stamp	
			stance	
			stand	
			standard	
			standing	
			standoff	
			stapler	
			stare	
			start	
			starter	
			state	
			statement	
			station	
			statistic	
			statistics	
			status	
			stay	
			stead	
			steady	
			steak	
			steal	
			steam	
			steamroller	
			steeple	
			stencil	
			step	
			stepdaughter	
			stepmother	
			steps	
			stepson	
			stereo	
			stew	
			stiletto	
			still	
			stinger	
			stir	
			stitch	
			stock	
			stocking	
			stockings	
			stole	
			stonework	
			stood	
			stool	
			stop	
			stopsign	
			stopwatch	
			storage	
			store	
			storey	
			story	
			storyboard	
			stove	
			straight	
			strain	
			strait	
			strange	
			stranger	
			strap	
			strategic	
			strategy	
			straw	
			strawberry	
			stream	
			street	
			streetcar	
			strength	
			strengthen	
			stress	
			stretch	
			strike	
			string	
			strip	
			stroke	
			strong	
			strongly	
			structure	
			struggle	
			stud	
			studio	
			study	
			stuff	
			stumbling	
			stupid	
			stupidity	
			sturgeon	
			style	
			styling	
			stylus	
			subcomponent	
			subconscious	
			subject	
			submarine	
			submit	
			subroutine	
			subsequent	
			subsidence	
			substance	
			substantial	
			subtract	
			suburb	
			subway	
			succeed	
			success	
			successful	
			successfully	
			such	
			suck	
			sudden	
			suddenly	
			sue	
			suede	
			suffer	
			sufficient	
			suffix	
			suffocation	
			suggest	
			suggestion	
			suicide	
			suitcase	
			sultan	
			summit	
			sun	
			sunbeam	
			sunbonnet	
			sunday	
			sundial	
			sunflower	
			sunglasses	
			sunlamp	
			sunroom	
			sunshine	
			super	
			supermarket	
			supply	
			support	
			supporter	
			suppose	
			supposed	
			suppression	
			supreme	
			sure	
			surely	
			surface	
			surfboard	
			surgeon	
			surgery	
			surname	
			surprise	
			surprised	
			surprising	
			surprisingly	
			surround	
			survey	
			survival	
			survive	
			survivor	
			sushi	
			suspect	
			suspenders	
			sustain	
			sustainment	
			suv	
			swallow	
			swamp	
			swath	
			swear	
			sweat	
			sweats	
			sweatshirt	
			sweatshop	
			sweatsuit	
			swedish	
			sweep	
			sweet	
			sweets	
			swell	
			swim	
			swimming	
			swimsuit	
			swing	
			swiss	
			switchboard	
			swivel	
			sword	
			swordfish	
			sycamore	
			syllable	
			symbol	
			symmetry	
			sympathy	
			symptom	
			syndicate	
			synergy	
			synod	
			syringe	
			syrup	
			system	
			tabby	
			tabernacle	
			tablecloth	
			tablespoon	
			tabletop	
			tachometer	
			tackle	
			tactic	
			tadpole	
			tailor	
			tailspin	
			take	
			tale	
			talent	
			talk	
			tall	
			tam	
			tambour	
			tambourine	
			tandem	
			tangerine	
			tank	
			tanker	
			tankful	
			tape	
			tard	
			target	
			task	
			tassel	
			taste	
			tatami	
			tattler	
			tattoo	
			tavern	
			tax	
			taxi	
			taxicab	
			taxpayer	
			teach	
			teaching	
			team	
			tear	
			teaspoon	
			technical	
			technique	
			technologist	
			technology	
			teen	
			teenager	
			teeth	
			telescreen	
			teletype	
			television	
			tell	
			teller	
			temp	
			temper	
			temperature	
			temple	
			tempo	
			temporariness	
			temporary	
			temptress	
			ten	
			tend	
			tendency	
			tenement	
			tenor	
			tension	
			tent	
			tenth	
			tepee	
			term	
			terms	
			terracotta	
			terrapin	
			terrible	
			territory	
			terror	
			terrorism	
			terrorist	
			test	
			testify	
			testimony	
			testing	
			text	
			textbook	
			texture	
			than	
			thank	
			thanks	
			that	
			thaw	
			the	
			theater	
			their	
			theism	
			them	
			theme	
			themselves	
			then	
			theory	
			therapist	
			therapy	
			there	
			therefore	
			thermals	
			thermometer	
			these	
			they	
			thick	
			thief	
			thin	
			thing	
			think	
			thinking	
			third	
			thirst	
			thirty	
			this	
			thistle	
			thomas	
			thong	
			thongs	
			those	
			though	
			thought	
			thousand	
			thread	
			threat	
			threaten	
			three	
			thrill	
			throne	
			through	
			throughout	
			throw	
			thrush	
			thunderbolt	
			thunderhead	
			thunderstorm	
			thus	
			tiara	
			tic	
			ticket	
			tight	
			tights	
			tile	
			till	
			tilt	
			timbale	
			timber	
			time	
			timeline	
			timeout	
			timer	
			timpani	
			tinderbox	
			tinkle	
			tintype	
			tiny	
			tire	
			tired	
			tissue	
			title	
			toad	
			toast	
			toaster	
			tobacco	
			today	
			toenail	
			toga	
			together	
			togs	
			toilet	
			told	
			tolerance	
			tom	
			tomb	
			tomography	
			tomorrow	
			ton	
			tone	
			tonight	
			too	
			took	
			tool	
			toot	
			toothbrush	
			toothpaste	
			toothpick	
			top	
			topsail	
			toque	
			torchiere	
			toreador	
			torso	
			tortellini	
			tosser	
			total	
			totally	
			tote	
			touch	
			tough	
			tour	
			tourist	
			tournament	
			toward	
			towards	
			town	
			townhouse	
			trace	
			trachoma	
			track	
			tracksuit	
			tractor	
			trade	
			tradition	
			traditional	
			traditionalism	
			traffic	
			tragedy	
			trail	
			trailer	
			trainer	
			training	
			tram	
			tramp	
			transaction	
			transfer	
			transform	
			transformation	
			transition	
			translate	
			translation	
			transmission	
			transom	
			transport	
			transportation	
			trapdoor	
			trapezium	
			trapezoid	
			trash	
			travel	
			tray	
			treat	
			treatment	
			treaty	
			tree	
			trellis	
			tremendous	
			tremor	
			trench	
			trend	
			trial	
			tribe	
			trick	
			trigonometry	
			trim	
			trinket	
			trip	
			tripod	
			trolley	
			trombone	
			troop	
			trooper	
			trophy	
			trouble	
			trousers	
			trout	
			trove	
			trowel	
			truckit	
			truly	
			trumpet	
			trust	
			truth	
			try	
			tuba	
			tugboat	
			tummy	
			tune	
			tunic	
			turban	
			turkey	
			turkish	
			turn	
			turnip	
			turnover	
			turnstile	
			turret	
			turtle	
			tussle	
			tutu	
			tuxedo	
			tv	
			twelve	
			twenty	
			twice	
			twilight	
			twin	
			twine	
			twist	
			twister	
			two	
			type	
			typewriter	
			typhoon	
			typical	
			typically	
			tyre	
			tyvek	
			ugly	
			ukulele	
			ultimate	
			ultimately	
			unable	
			unblinking	
			under	
			underclothes	
			undergo	
			underground	
			underneath	
			underpants	
			underpass	
			undershirt	
			understand	
			understanding	
			underwear	
			underwire	
			unemployment	
			unfortunately	
			unibody	
			uniform	
			union	
			unique	
			unit	
			united	
			unity	
			universal	
			universe	
			university	
			unknown	
			unless	
			unlike	
			unlikely	
			until	
			unusual	
			upon	
			upper	
			upstairs	
			urban	
			urge	
			urn	
			usage	
			use	
			used	
			useful	
			user	
			usher	
			usual	
			usually	
			utensil	
			utility	
			vacation	
			vaccume	
			vacuum	
			vagrant	
			valance	
			validity	
			valuable	
			value	
			vane	
			vanity	
			variable	
			variation	
			variety	
			various	
			vary	
			vase	
			vast	
			vault	
			vaulting	
			veal	
			vegetarianism	
			vegetation	
			vehicle	
			veil	
			veldt	
			vellum	
			velodrome	
			velvet	
			vengeance	
			venom	
			venture	
			veranda	
			verb	
			verdict	
			vermicelli	
			verse	
			version	
			versus	
			vertigo	
			verve	
			very	
			vessel	
			vest	
			vestment	
			veteran	
			via	
			vibe	
			vibraphone	
			vibration	
			victim	
			victory	
			video	
			viewer	
			villa	
			village	
			vineyard	
			vinyl	
			viola	
			violate	
			violation	
			violence	
			violent	
			violet	
			virginal	
			virtually	
			virtue	
			virus	
			viscose	
			vise	
			visible	
			vision	
			visit	
			visitor	
			visor	
			visual	
			vital	
			vitality	
			vitamin	
			vixen	
			voice	
			volleyball	
			volume	
			volunteer	
			voter	
			vowel	
			voyage	
			vulnerable	
			wad	
			wafer	
			wage	
			waist	
			waistband	
			wait	
			waiter	
			waitress	
			wake	
			walk	
			walker	
			walkway	
			wallaby	
			wallet	
			wallpaper	
			walnut	
			wampum	
			wander	
			wannabe	
			want	
			war	
			warden	
			warlock	
			warm	
			warmth	
			warn	
			warning	
			was	
			wash	
			washbasin	
			washcloth	
			washer	
			washtub	
			wasp	
			waste	
			wastebasket	
			watchmaker	
			waterbed	
			waterfall	
			waterskiing	
			waterspout	
			way	
			weak	
			weakness	
			wealth	
			wealthy	
			weapon	
			wear	
			weasel	
			web	
			webkinz	
			wedding	
			wedge	
			weed	
			weeder	
			weedkiller	
			week	
			weekend	
			weekender	
			weekly	
			weigh	
			weight	
			weird	
			welcome	
			welfare	
			well	
			went	
			were	
			west	
			western	
			wet	
			wetsuit	
			wharf	
			what	
			whatever	
			when	
			whenever	
			where	
			whereas	
			whether	
			which	
			while	
			whip	
			whirlpool	
			whirlwind	
			whisker	
			whiskey	
			whisper	
			whistle	
			who	
			whole	
			wholesale	
			wholesaler	
			whom	
			whorl	
			whose	
			why	
			wide	
			widely	
			widespread	
			width	
			wild	
			wilderness	
			wildlife	
			will	
			willing	
			willow	
			win	
			windage	
			windscreen	
			windshield	
			wine	
			wingman	
			wingtip	
			winner	
			wipe	
			wisdom	
			wiseguy	
			wish	
			wisteria	
			witch	
			with	
			withdraw	
			withdrawal	
			within	
			without	
			witness	
			wombat	
			women	
			wonder	
			wonderful	
			wooden	
			woodland	
			woodshed	
			woodwind	
			wool	
			woolen	
			word	
			work	
			workbench	
			worker	
			workhorse	
			working	
			worklife	
			works	
			workshop	
			world	
			worm	
			worried	
			worry	
			worth	
			worthy	
			would	
			wound	
			wrap	
			wraparound	
			wrecker	
			wren	
			wrestler	
			wrinkle	
			wristband	
			write	
			writer	
			writing	
			written	
			wrong	
			wrote	
			xylophone	
			yacht	
			yam	
			yard	
			yarmulke	
			yarn	
			yawl	
			yeah	
			year	
			yeast	
			yell	
			yes	
			yesterday	
			yet	
			yew	
			yield	
			yin	
			yoga	
			yogurt	
			yoke	
			you	
			young	
			your	
			yours	
			yourself	
			youth	
			yurt	
			zampone	
			zebrafish	
			zephyr	
			ziggurat	
			zipper	
			zither	
			zone	
			zoo	
			zoologist	
			zoology	
			zucchini	
			a	
			i	
			am	
			an	
			as	
			at	
			be	
			by	
			do	
			go	
			he	
			if	
			in	
			is	
			it	
			me	
			my	
			no	
			of	
			on	
			or	
			so	
			to	
			up	
			we	
			rob	
			away	
			beer	
			body	
			boil	
			deer	
			fool	
			hers	
			lazy	
			lend	
			obey	
			rude	
			tidy	
			zero	
			edit	
			alone	
			along	
			angry	
			below	
			bleed	
			chase	
			cheap	
			rainy	
			ruler	
			sunny	
			worst	
			across	
			active	
			anyone	
			around	
			behave	
			borrow	
			clever	
			colour	
			lately	
			lonely	
			punish	
			already	
			another	
			anytime	
			besides	
			breathe	
			careful	
			central	
			destroy	
			excited	
			forgive	
			further	
			pleased	
			weather	
			careless	
			suitable	
			dangerous	
			neighbour	
			true	
			false	
			arc	
			dip	
			jug	
			lag	
			lid	
			ore	
			rot	
			sac	
			sum	
			axis	
			bent	
			bang	
			bale	
			bark	
			cusp	
			dike	
			dive	
			duct	
			dull	
			fume	
			germ	
			gill	
			hiss	
			jazz	
			july	
			june	
			jerk	
			lame	
			lime	
			lump	
			meow	
			mast	
			melt	
			mill	
			navy	
			purr	
			spit	
			tame	
			trap	
			undo	
			visa	
			volt	
			yawn	
			awake	
			april	
			asset	
			based	
			cruel	
			china	
			debit	
			drift	
			ditch	
			fixed	
			forty	
			flask	
			flint	
			fired	
			gross	
			hinge	
			inlet	
			liter	
			locus	
			mixed	
			madam	
			mania	
			march	
			miner	
			noted	
			outer	
			prick	
			quack	
			rival	
			stiff	
			serum	
			scarp	
			shale	
			shave	
			shear	
			slate	
			stalk	
			tongs	
			vodka	
			valve	
			vapor	
			widow	
			wreck	
			almost	
			august	
			anyhow	
			acting	
			broken	
			barrel	
			beaker	
			burial	
			become	
			basing	
			burner	
			burned	
			chorus	
			citron	
			cognac	
			cavity	
			carter	
			cooker	
			cooked	
			crying	
			defect	
			eleven	
			empire	
			export	
			feeble	
			friday	
			frozen	
			funnel	
			fusion	
			firing	
			gravel	
			groove	
			hollow	
			hanger	
			heated	
			import	
			inland	
			instep	
			joiner	
			kennel	
			keeper	
			monday	
			mature	
			marked	
			nearer	
			outcry	
			outlaw	
			outlet	
			overdo	
			patent	
			potash	
			piston	
			pollen	
			praise	
			played	
			potter	
			radium	
			reflux	
			remark	
			remedy	
			retail	
			sticky	
			saucer	
			schist	
			sleeve	
			splash	
			sucker	
			seaman	
			thorax	
			thrust	
			typist	
			trader	
			upkeep	
			uplift	
			uptake	
			vortex	
			whisky	
			wasted	
			ammonia	
			autobus	
			absence	
			awkward	
			because	
			boiling	
			beeswax	
			builder	
			burning	
			catarrh	
			chemist	
			chimney	
			circuit	
			climber	
			contour	
			creeper	
			cunning	
			customs	
			damping	
			density	
			dislike	
			divisor	
			dropped	
			dropper	
			elastic	
			embassy	
			erosion	
			earring	
			fertile	
			foolish	
			ferment	
			firearm	
			footman	
			grating	
			gunboat	
			hanging	
			hygiene	
			headway	
			heating	
			inferno	
			igneous	
			integer	
			inverse	
			indoors	
			january	
			jealous	
			jeweler	
			liqueur	
			learner	
			locking	
			malaria	
			mineral	
			manhole	
			neglect	
			nostril	
			nucleus	
			october	
			outcrop	
			outlier	
			overlap	
			oneself	
			outdoor	
			outline	
			outlook	
			overuse	
			packing	
			postman	
			parting	
			playing	
			pointer	
			quinine	
			reagent	
			residue	
			raining	
			sixteen	
			selfish	
			solvent	
			someday	
			sunburn	
			shocked	
			snowing	
			steamer	
			stopper	
			tapioca	
			terrace	
			torpedo	
			tuesday	
			turbine	
			thimble	
			talking	
			turning	
			upright	
			valency	
			waiting	
			whereby	
			whoever	
			waiting	
			asbestos	
			adjacent	
			bankrupt	
			buoyancy	
			bluebell	
			capacity	
			ceremony	
			compound	
			consumer	
			carefree	
			clothier	
			delicate	
			december	
			dominion	
			dynamite	
			diameter	
			dilution	
			disgrace	
			dreadful	
			daylight	
			downfall	
			eruption	
			february	
			fourteen	
			fracture	
			firework	
			footstep	
			glycerin	
			grateful	
			gasworks	
			gunmetal	
			gardener	
			hysteria	
			handbook	
			headland	
			herewith	
			imperial	
			impurity	
			infinity	
			inasmuch	
			latitude	
			latitude	
			landmark	
			landslip	
			laughing	
			magnetic	
			momentum	
			monopoly	
			nicotine	
			november	
			organism	
			obedient	
			oncoming	
			onlooker	
			outburst	
			outgoing	
			overfull	
			overhead	
			overland	
			overleaf	
			overloud	
			overseas	
			overseer	
			overshoe	
			overtake	
			overtime	
			parallel	
			paraffin	
			paradise	
			passport	
			postmark	
			pointing	
			receiver	
			rigidity	
			rotation	
			saturday	
			specimen	
			stimulus	
			swelling	
			sometime	
			suchlike	
			sunlight	
			sunshade	
			shocking	
			stopping	
			telegram	
			thirteen	
			thursday	
			touching	
			troubled	
			vascular	
			velocity	
			wherever	
			windpipe	
			woodwork	
			yearbook	
			automatic	
			accessory	
			adventure	
			allowance	
			amplitude	
			appendage	
			arbitrary	
			backwoods	
			blackbird	
			brushwood	
			buttercup	
			conscious	
			champagne	
			congruent	
			corrosion	
			caretaker	
			deflation	
			discharge	
			earthwork	
			evergreen	
			fastening	
			foliation	
			footprint	
			goodnight	
			gunpowder	
			headdress	
			headstone	
			hereafter	
			highlands	
			horseplay	
			influenza	
			inclusion	
			insulator	
			intercept	
			intrusion	
			longitude	
			liability	
			limestone	
			longitude	
			magnitude	
			numerator	
			oxidation	
			offspring	
			outskirts	
			overtaxed	
			petroleum	
			porcelain	
			plaything	
			radiation	
			recurring	
			repulsion	
			september	
			saturated	
			secretion	
			shorthand	
			stretcher	
			thickness	
			tradesman	
			troubling	
			undertake	
			vestigial	
			viewpoint	
			wednesday	
			whichever	
			whitewash	
			workhouse	
			zookeeper	
			anesthetic	
			automobile	
			absorption	
			acceptance	
			birthright	
			bookkeeper	
			continuous	
			convenient	
			conversion	
			deficiency	
			degenerate	
			extinction	
			fatherland	
			footlights	
			horsepower	
			instrument	
			invitation	
			lighthouse	
			microscope	
			metabolism	
			overacting	
			overturned	
			overvalued	
			overweight	
			phonograph	
			physiology	
			propaganda	
			projectile	
			projection	
			pincushion	
			postmaster	
			postoffice	
			referendum	
			reciprocal	
			reversible	
			similarity	
			successive	
			suspension	
			suspicious	
			secondhand	
			sweetheart	
			undermined	
			undersized	
			arbitration	
			arrangement	
			bloodvessel	
			certificate	
			consignment	
			correlation	
			commonsense	
			denominator	
			determining	
			dissipation	
			disturbance	
			elimination	
			evaporation	
			fertilizing	
			forgiveness	
			fingerprint	
			germinating	
			goodlooking	
			handwriting	
			housekeeper	
			inheritance	
			intelligent	
			overbearing	
			overdressed	
			overhanging	
			overworking	
			probability	
			sedimentary	
			sensitivity	
			speculation	
			subtraction	
			sympathetic	
			stopping up	
			transparent	
			undercooked	
			undergrowth	
			undersigned	
			undervalued	
			acceleration	
			civilization	
			conservation	
			handkerchief	
			intersection	
			outstretched	
			reproduction	
			substitution	
			unconformity	
			approximation	
			birefringence	
			disappearance	
			domesticating	
			overbalancing	
			overstatement	
			reinforcement	
			underclothing	
			communications	
			multiplication	
			specialization	
			understatement	